--
-- PostgreSQL database dump
--

-- Dumped from database version 17.5
-- Dumped by pg_dump version 17.4

SET statement_timeout = 0;
SET lock_timeout = 0;
SET idle_in_transaction_session_timeout = 0;
SET transaction_timeout = 0;
SET client_encoding = 'UTF8';
SET standard_conforming_strings = on;
SELECT pg_catalog.set_config('search_path', '', false);
SET check_function_bodies = false;
SET xmloption = content;
SET client_min_messages = warning;
SET row_security = off;

--
-- Name: _user_seq; Type: SEQUENCE; Schema: public; Owner: neondb_owner
--

CREATE SEQUENCE public._user_seq
    START WITH 1
    INCREMENT BY 50
    NO MINVALUE
    NO MAXVALUE
    CACHE 1;


ALTER SEQUENCE public._user_seq OWNER TO neondb_owner;

--
-- Name: arebbus_user_seq; Type: SEQUENCE; Schema: public; Owner: neondb_owner
--

CREATE SEQUENCE public.arebbus_user_seq
    START WITH 1
    INCREMENT BY 50
    NO MINVALUE
    NO MAXVALUE
    CACHE 1;


ALTER SEQUENCE public.arebbus_user_seq OWNER TO neondb_owner;

SET default_tablespace = '';

SET default_table_access_method = heap;

--
-- Name: bus; Type: TABLE; Schema: public; Owner: neondb_owner
--

CREATE TABLE public.bus (
    id bigint NOT NULL,
    capacity smallint NOT NULL,
    num_install integer NOT NULL,
    num_upvote bigint NOT NULL,
    status character varying(255),
    author_id bigint NOT NULL,
    based_on bigint,
    route_id bigint NOT NULL,
    name character varying(255) NOT NULL
);


ALTER TABLE public.bus OWNER TO neondb_owner;

--
-- Name: bus_id_seq; Type: SEQUENCE; Schema: public; Owner: neondb_owner
--

ALTER TABLE public.bus ALTER COLUMN id ADD GENERATED BY DEFAULT AS IDENTITY (
    SEQUENCE NAME public.bus_id_seq
    START WITH 1
    INCREMENT BY 1
    NO MINVALUE
    NO MAXVALUE
    CACHE 1
);


--
-- Name: bus_seq; Type: SEQUENCE; Schema: public; Owner: neondb_owner
--

CREATE SEQUENCE public.bus_seq
    START WITH 1
    INCREMENT BY 50
    NO MINVALUE
    NO MAXVALUE
    CACHE 1;


ALTER SEQUENCE public.bus_seq OWNER TO neondb_owner;

--
-- Name: bus_upvotes; Type: TABLE; Schema: public; Owner: neondb_owner
--

CREATE TABLE public.bus_upvotes (
    bus_id bigint NOT NULL,
    user_id bigint NOT NULL,
    created_at timestamp(6) without time zone NOT NULL
);


ALTER TABLE public.bus_upvotes OWNER TO neondb_owner;

--
-- Name: comment; Type: TABLE; Schema: public; Owner: neondb_owner
--

CREATE TABLE public.comment (
    id bigint NOT NULL,
    content character varying(255) NOT NULL,
    created_at timestamp(6) without time zone NOT NULL,
    num_upvote bigint NOT NULL,
    author_id bigint NOT NULL,
    post_id bigint NOT NULL
);


ALTER TABLE public.comment OWNER TO neondb_owner;

--
-- Name: comment_id_seq; Type: SEQUENCE; Schema: public; Owner: neondb_owner
--

ALTER TABLE public.comment ALTER COLUMN id ADD GENERATED BY DEFAULT AS IDENTITY (
    SEQUENCE NAME public.comment_id_seq
    START WITH 1
    INCREMENT BY 1
    NO MINVALUE
    NO MAXVALUE
    CACHE 1
);


--
-- Name: comment_upvotes; Type: TABLE; Schema: public; Owner: neondb_owner
--

CREATE TABLE public.comment_upvotes (
    comment_id bigint NOT NULL,
    user_id bigint NOT NULL,
    created_at timestamp(6) without time zone NOT NULL
);


ALTER TABLE public.comment_upvotes OWNER TO neondb_owner;

--
-- Name: install; Type: TABLE; Schema: public; Owner: neondb_owner
--

CREATE TABLE public.install (
    bus_id bigint NOT NULL,
    user_id bigint NOT NULL
);


ALTER TABLE public.install OWNER TO neondb_owner;

--
-- Name: location; Type: TABLE; Schema: public; Owner: neondb_owner
--

CREATE TABLE public.location (
    bus_id bigint NOT NULL,
    user_id bigint NOT NULL,
    latitude numeric(8,2) NOT NULL,
    longitude numeric(8,2) NOT NULL,
    status character varying(255) NOT NULL,
    "time" timestamp(6) without time zone NOT NULL,
    CONSTRAINT location_status_check CHECK (((status)::text = ANY ((ARRAY['ON_BUS'::character varying, 'WAITING'::character varying, 'NO_TRACK'::character varying])::text[])))
);


ALTER TABLE public.location OWNER TO neondb_owner;

--
-- Name: post; Type: TABLE; Schema: public; Owner: neondb_owner
--

CREATE TABLE public.post (
    id bigint NOT NULL,
    content character varying(255) NOT NULL,
    created_at timestamp(6) without time zone,
    num_upvote bigint NOT NULL,
    author_id bigint NOT NULL
);


ALTER TABLE public.post OWNER TO neondb_owner;

--
-- Name: post_id_seq; Type: SEQUENCE; Schema: public; Owner: neondb_owner
--

ALTER TABLE public.post ALTER COLUMN id ADD GENERATED BY DEFAULT AS IDENTITY (
    SEQUENCE NAME public.post_id_seq
    START WITH 1
    INCREMENT BY 1
    NO MINVALUE
    NO MAXVALUE
    CACHE 1
);


--
-- Name: post_seq; Type: SEQUENCE; Schema: public; Owner: neondb_owner
--

CREATE SEQUENCE public.post_seq
    START WITH 1
    INCREMENT BY 50
    NO MINVALUE
    NO MAXVALUE
    CACHE 1;


ALTER SEQUENCE public.post_seq OWNER TO neondb_owner;

--
-- Name: post_tag; Type: TABLE; Schema: public; Owner: neondb_owner
--

CREATE TABLE public.post_tag (
    post_id bigint NOT NULL,
    tag_id bigint NOT NULL
);


ALTER TABLE public.post_tag OWNER TO neondb_owner;

--
-- Name: post_tags; Type: TABLE; Schema: public; Owner: neondb_owner
--

CREATE TABLE public.post_tags (
    post_id bigint NOT NULL,
    tag_id bigint NOT NULL
);


ALTER TABLE public.post_tags OWNER TO neondb_owner;

--
-- Name: route; Type: TABLE; Schema: public; Owner: neondb_owner
--

CREATE TABLE public.route (
    id bigint NOT NULL,
    name character varying(255) NOT NULL,
    author_id bigint NOT NULL
);


ALTER TABLE public.route OWNER TO neondb_owner;

--
-- Name: route_id_seq; Type: SEQUENCE; Schema: public; Owner: neondb_owner
--

ALTER TABLE public.route ALTER COLUMN id ADD GENERATED BY DEFAULT AS IDENTITY (
    SEQUENCE NAME public.route_id_seq
    START WITH 1
    INCREMENT BY 1
    NO MINVALUE
    NO MAXVALUE
    CACHE 1
);


--
-- Name: route_seq; Type: SEQUENCE; Schema: public; Owner: neondb_owner
--

CREATE SEQUENCE public.route_seq
    START WITH 1
    INCREMENT BY 50
    NO MINVALUE
    NO MAXVALUE
    CACHE 1;


ALTER SEQUENCE public.route_seq OWNER TO neondb_owner;

--
-- Name: route_stop; Type: TABLE; Schema: public; Owner: neondb_owner
--

CREATE TABLE public.route_stop (
    route_id bigint NOT NULL,
    stop_id bigint NOT NULL,
    stop_index bigint NOT NULL
);


ALTER TABLE public.route_stop OWNER TO neondb_owner;

--
-- Name: route_stops; Type: TABLE; Schema: public; Owner: neondb_owner
--

CREATE TABLE public.route_stops (
    route_id bigint NOT NULL,
    stop_id bigint NOT NULL
);


ALTER TABLE public.route_stops OWNER TO neondb_owner;

--
-- Name: route_subscription; Type: TABLE; Schema: public; Owner: neondb_owner
--

CREATE TABLE public.route_subscription (
    route_id bigint NOT NULL,
    user_id bigint NOT NULL
);


ALTER TABLE public.route_subscription OWNER TO neondb_owner;

--
-- Name: stop; Type: TABLE; Schema: public; Owner: neondb_owner
--

CREATE TABLE public.stop (
    id bigint NOT NULL,
    latitude numeric(8,2) NOT NULL,
    longitude numeric(8,2) NOT NULL,
    name character varying(255) NOT NULL,
    author_id bigint NOT NULL
);


ALTER TABLE public.stop OWNER TO neondb_owner;

--
-- Name: stop_id_seq; Type: SEQUENCE; Schema: public; Owner: neondb_owner
--

ALTER TABLE public.stop ALTER COLUMN id ADD GENERATED BY DEFAULT AS IDENTITY (
    SEQUENCE NAME public.stop_id_seq
    START WITH 1
    INCREMENT BY 1
    NO MINVALUE
    NO MAXVALUE
    CACHE 1
);


--
-- Name: stop_seq; Type: SEQUENCE; Schema: public; Owner: neondb_owner
--

CREATE SEQUENCE public.stop_seq
    START WITH 1
    INCREMENT BY 50
    NO MINVALUE
    NO MAXVALUE
    CACHE 1;


ALTER SEQUENCE public.stop_seq OWNER TO neondb_owner;

--
-- Name: stop_subscription; Type: TABLE; Schema: public; Owner: neondb_owner
--

CREATE TABLE public.stop_subscription (
    stop_id bigint NOT NULL,
    user_id bigint NOT NULL
);


ALTER TABLE public.stop_subscription OWNER TO neondb_owner;

--
-- Name: tag; Type: TABLE; Schema: public; Owner: neondb_owner
--

CREATE TABLE public.tag (
    id bigint NOT NULL,
    name character varying(255) NOT NULL
);


ALTER TABLE public.tag OWNER TO neondb_owner;

--
-- Name: tag_id_seq; Type: SEQUENCE; Schema: public; Owner: neondb_owner
--

ALTER TABLE public.tag ALTER COLUMN id ADD GENERATED BY DEFAULT AS IDENTITY (
    SEQUENCE NAME public.tag_id_seq
    START WITH 1
    INCREMENT BY 1
    NO MINVALUE
    NO MAXVALUE
    CACHE 1
);


--
-- Name: tag_seq; Type: SEQUENCE; Schema: public; Owner: neondb_owner
--

CREATE SEQUENCE public.tag_seq
    START WITH 1
    INCREMENT BY 50
    NO MINVALUE
    NO MAXVALUE
    CACHE 1;


ALTER SEQUENCE public.tag_seq OWNER TO neondb_owner;

--
-- Name: upvotes; Type: TABLE; Schema: public; Owner: neondb_owner
--

CREATE TABLE public.upvotes (
    post_id bigint NOT NULL,
    user_id bigint NOT NULL,
    created_at timestamp(6) without time zone
);


ALTER TABLE public.upvotes OWNER TO neondb_owner;

--
-- Name: users; Type: TABLE; Schema: public; Owner: neondb_owner
--

CREATE TABLE public.users (
    id bigint NOT NULL,
    created_at timestamp(6) without time zone,
    email character varying(255) NOT NULL,
    image character varying(255) NOT NULL,
    latitude numeric(8,2),
    longitude numeric(8,2),
    name character varying(255) NOT NULL,
    password character varying(255) NOT NULL,
    reputation integer NOT NULL,
    updated_at timestamp(6) without time zone,
    valid boolean NOT NULL
);


ALTER TABLE public.users OWNER TO neondb_owner;

--
-- Name: users_id_seq; Type: SEQUENCE; Schema: public; Owner: neondb_owner
--

ALTER TABLE public.users ALTER COLUMN id ADD GENERATED BY DEFAULT AS IDENTITY (
    SEQUENCE NAME public.users_id_seq
    START WITH 1
    INCREMENT BY 1
    NO MINVALUE
    NO MAXVALUE
    CACHE 1
);


--
-- Name: waiting_for; Type: TABLE; Schema: public; Owner: neondb_owner
--

CREATE TABLE public.waiting_for (
    bus_id bigint NOT NULL,
    user_id bigint NOT NULL,
    valid boolean NOT NULL
);


ALTER TABLE public.waiting_for OWNER TO neondb_owner;

--
-- Data for Name: bus; Type: TABLE DATA; Schema: public; Owner: neondb_owner
--

COPY public.bus (id, capacity, num_install, num_upvote, status, author_id, based_on, route_id, name) FROM stdin;
2	10	0	0	\N	5	\N	2	Express Bus 102
5	30	0	0	\N	5	\N	4	irtiaz bus
6	60	1	0	\N	5	\N	5	BUET bus test
7	1	0	0	\N	5	\N	4	Shabus
8	60	0	0	\N	5	\N	6	Himalay
4	20	1	0	\N	5	\N	3	something
1	50	1	0	ACTIVE	5	\N	2	Express Bus 101
3	60	0	0	\N	5	\N	3	Sample Bus
9	50	0	0	\N	5	\N	7	abcd
\.


--
-- Data for Name: bus_upvotes; Type: TABLE DATA; Schema: public; Owner: neondb_owner
--

COPY public.bus_upvotes (bus_id, user_id, created_at) FROM stdin;
\.


--
-- Data for Name: comment; Type: TABLE DATA; Schema: public; Owner: neondb_owner
--

COPY public.comment (id, content, created_at, num_upvote, author_id, post_id) FROM stdin;
1	What is the problem?	2025-06-14 20:34:15.491	0	5	2
2	Yi	2025-06-15 14:17:35.377	0	2	2
3	Yello	2025-06-15 14:17:50.983	0	2	6
4	Helli	2025-06-15 14:20:43.434	0	2	2
5	LFC is best	2025-06-15 14:21:22.069	0	3	2
6	Ok	2025-06-15 14:21:57.57	0	3	6
7	He left	2025-06-15 14:25:36.848	0	3	4
8	What is Shabab doing?	2025-06-15 14:27:30.56	0	4	6
9	New comment	2025-06-15 14:59:56.118	0	4	6
10	Asd	2025-06-15 15:01:25.94	0	4	6
11	New comment	2025-06-15 15:03:39.803	0	4	6
12	No	2025-06-15 15:05:22.554	0	4	7
13	Hello	2025-06-16 08:47:46.576	0	4	3
14	Hello	2025-06-16 08:51:13.781	0	2	7
15	Lie	2025-06-16 08:53:15.87	0	2	5
16	Working	2025-06-16 08:56:14.629	0	2	7
17	Testing	2025-06-20 17:20:15.798	0	2	2
18	Give some detail of him	2025-06-20 17:25:09.345	0	7	10
19	Savw mw	2025-06-24 11:48:56.726	0	10	10
20	Save me	2025-06-24 11:49:03.419	0	10	10
21	Kar NID paiso	2025-06-24 11:49:30.571	0	10	8
22	Test updates 6/7/25	2025-07-06 03:17:00.658	0	2	3
23	New 6/7/2025	2025-07-06 03:19:00.233	0	2	1
24	Comment test 2 6/7/25	2025-07-06 03:21:47.019	0	2	3
25	Test comment 3	2025-07-06 03:27:11.971	0	2	3
26	Test Comment 4	2025-07-06 03:29:00.167	0	2	3
27	Ne comment 4	2025-07-06 03:34:14.835	0	2	3
28	New comment 2	2025-07-06 03:34:46.314	0	2	1
29	New comment 4	2025-07-06 03:35:29.934	0	2	3
30	Ne 5	2025-07-06 03:38:31.396	0	2	3
31	Be6	2025-07-06 03:41:09.244	0	2	3
32	Ne7	2025-07-06 03:44:44.86	0	2	3
33	Ne8	2025-07-06 03:46:56	0	2	1
34	Ne9	2025-07-06 03:49:52.788	0	2	3
35	Children beaware!	2025-07-08 23:33:02.665	0	5	4
\.


--
-- Data for Name: comment_upvotes; Type: TABLE DATA; Schema: public; Owner: neondb_owner
--

COPY public.comment_upvotes (comment_id, user_id, created_at) FROM stdin;
\.


--
-- Data for Name: install; Type: TABLE DATA; Schema: public; Owner: neondb_owner
--

COPY public.install (bus_id, user_id) FROM stdin;
6	5
4	5
1	5
\.


--
-- Data for Name: location; Type: TABLE DATA; Schema: public; Owner: neondb_owner
--

COPY public.location (bus_id, user_id, latitude, longitude, status, "time") FROM stdin;
6	5	23.70	90.46	NO_TRACK	2025-07-27 16:47:24.80415
\.


--
-- Data for Name: post; Type: TABLE DATA; Schema: public; Owner: neondb_owner
--

COPY public.post (id, content, created_at, num_upvote, author_id) FROM stdin;
1	Mid break loading	2025-06-07 16:13:07.548	2	1
4	Shabab on the bus	2025-06-08 11:48:26.613	2	2
6	Moumita bus of abc route is yet to reach xyz stand	2025-06-08 11:57:12.222	2	4
7	Rayerbag road is clear tonight	2025-06-11 23:17:10.324	1	5
2	There is a problem	2025-06-08 06:12:29.775	2	1
11	Dakat attack on ScienceLab	2025-06-24 11:47:59.065	0	10
9	Test post 3	2025-06-20 17:20:47.612	2	2
8	NID *** found near Rayerbazar stand	2025-06-15 13:35:06.676	0	2
12	There was an accident near Azimpur. Avoid the new market route.	2025-06-24 13:09:50.121	0	5
10	There is a scam by a seller on Azimpur bus stand	2025-06-20 17:23:42.602	3	6
13	Update Testing	2025-06-25 15:43:32.277	0	2
14	Wait what	2025-06-25 15:44:32.043	0	2
15	Hello	2025-06-25 15:47:14.718	0	2
16	Ola	2025-06-25 15:47:53.932	0	2
17	Testing multi tags	2025-06-25 16:07:41.079	0	1
18	Multi tag test	2025-06-26 02:49:20.994	0	2
5	I mean no harm. Some are spreading rumors	2025-06-08 11:51:16.112	2	3
3	Avoid Bakshibazar	2025-06-08 06:52:49.228	0	2
\.


--
-- Data for Name: post_tag; Type: TABLE DATA; Schema: public; Owner: neondb_owner
--

COPY public.post_tag (post_id, tag_id) FROM stdin;
1	1
2	2
3	3
4	4
5	5
6	2
7	6
7	7
8	8
9	3
9	9
9	4
9	8
10	10
12	11
12	3
13	12
13	11
13	13
14	3
14	2
14	9
14	14
15	3
16	4
17	15
17	16
17	17
18	3
18	2
18	9
18	18
18	4
18	19
18	8
18	13
\.


--
-- Data for Name: post_tags; Type: TABLE DATA; Schema: public; Owner: neondb_owner
--

COPY public.post_tags (post_id, tag_id) FROM stdin;
\.


--
-- Data for Name: route; Type: TABLE DATA; Schema: public; Owner: neondb_owner
--

COPY public.route (id, name, author_id) FROM stdin;
2	Downtown Express	5
3	Rayerbag to Bakshi Bazar	5
4	Hello	5
5	custom route 101	5
6	Motijheel to Madanpur	5
7	amar route	5
\.


--
-- Data for Name: route_stop; Type: TABLE DATA; Schema: public; Owner: neondb_owner
--

COPY public.route_stop (route_id, stop_id, stop_index) FROM stdin;
2	1	0
2	2	1
3	4	0
3	5	1
4	6	0
4	7	1
4	8	2
5	9	0
5	10	1
5	11	2
6	12	0
6	13	1
6	14	2
6	15	3
7	16	0
7	17	1
\.


--
-- Data for Name: route_stops; Type: TABLE DATA; Schema: public; Owner: neondb_owner
--

COPY public.route_stops (route_id, stop_id) FROM stdin;
\.


--
-- Data for Name: route_subscription; Type: TABLE DATA; Schema: public; Owner: neondb_owner
--

COPY public.route_subscription (route_id, user_id) FROM stdin;
\.


--
-- Data for Name: stop; Type: TABLE DATA; Schema: public; Owner: neondb_owner
--

COPY public.stop (id, latitude, longitude, name, author_id) FROM stdin;
1	40.71	-74.01	Central Bus Station	5
2	40.71	-74.01	Fairy land	5
3	22.34	91.84	Subarea_stop	2
4	23.69	90.46	Rayerbag	5
5	23.72	90.40	Bakshi Bazar	5
6	40.72	-74.00	A	5
7	40.74	-73.98	B	5
8	40.72	-73.96	C	5
9	23.69	90.46	Rayerbag	5
10	23.72	90.40	Bakshi Bazar	5
11	23.74	90.41	Siddhesshori	5
12	23.71	90.56	Madanpur	5
13	23.70	90.52	Kachpur	5
14	23.69	90.48	Signboard	5
15	23.73	90.42	Motijheel	5
16	23.72	90.49	staff quarter	5
17	23.72	90.40	Bakshi Bazar	5
\.


--
-- Data for Name: stop_subscription; Type: TABLE DATA; Schema: public; Owner: neondb_owner
--

COPY public.stop_subscription (stop_id, user_id) FROM stdin;
\.


--
-- Data for Name: tag; Type: TABLE DATA; Schema: public; Owner: neondb_owner
--

COPY public.tag (id, name) FROM stdin;
1	Happy noise
2	Bus Delay
3	Congestion
4	Safety Concern
5	false accusation
6	Traffic
7	Forecast
8	Lost & Found
9	New Bus Info
10	Caution
11	Accident
12	Service Alert
13	new tag
14	new
15	Tag1
16	Tag2
17	Tag3
18	Route Update
19	Station Feedback
\.


--
-- Data for Name: upvotes; Type: TABLE DATA; Schema: public; Owner: neondb_owner
--

COPY public.upvotes (post_id, user_id, created_at) FROM stdin;
1	5	2025-06-13 11:05:02.842
6	2	2025-06-15 13:20:19.35
4	2	2025-06-15 13:34:25.113
1	2	2025-06-15 13:39:00.296
4	3	2025-06-15 14:25:46.276
2	4	2025-06-15 14:27:03.863
6	4	2025-06-16 08:48:09.045
7	2	2025-06-16 08:53:36.962
2	2	2025-06-20 17:20:09.818
5	2	2025-06-20 17:21:05.675
10	7	2025-06-20 17:25:12.852
9	7	2025-06-24 04:18:27.065
10	10	2025-06-24 11:49:11.281
9	10	2025-06-24 11:49:12.617
10	2	2025-06-24 15:44:44.338
5	11	2025-07-01 10:53:26.02
\.


--
-- Data for Name: users; Type: TABLE DATA; Schema: public; Owner: neondb_owner
--

COPY public.users (id, created_at, email, image, latitude, longitude, name, password, reputation, updated_at, valid) FROM stdin;
1	2025-06-07 16:12:19.175	jane.doe@example.com	https://picsum.photos/seed/example/300/200	\N	\N	Jane Doe	$2a$10$LfupCnOaMF2RuUsAHi184.U.TDPxm9MHeWE6dMzGlK0DvYM0bVGTG	0	2025-06-07 16:12:19.175	t
2	2025-06-08 06:51:57.731	sdg@gmail.com	https://picsum.photos/seed/example/300/200	\N	\N	Somik Dasgupta	$2a$10$bFPqHism5ARy5pBtZlSjNOnlQd9.SkG7avb7xwywaFj.JoyjOgxAW	0	2025-06-08 06:51:57.732	t
3	2025-06-08 06:54:07.737	shabab@gmail.com	https://picsum.photos/seed/example/300/200	\N	\N	Shabab Mosharraf	$2a$10$BjTI8Tnmp21rCwNejrA5XOSonv/HQPJKu1xyKRG3g8NnCJi7mVZbO	0	2025-06-08 06:54:07.737	t
4	2025-06-08 11:55:42.922	imkabir@gmail.com	https://picsum.photos/seed/example/300/200	\N	\N	Imtiaz Kabir	$2a$10$XCSa.4/yunUMnNZZxmfi5ez1DhXTmc9L9FYkelo7qr.u49gXsPoQq	0	2025-06-08 11:55:42.922	t
5	2025-06-11 22:11:41.404	im@gmail.com	https://picsum.photos/seed/example/300/200	\N	\N	Imtiaz	$2a$10$Q9HJo7DhpPTOqvOX6H3i.OXc2xPY6SXMNHz6W9zTSCZzwToDnB7Fu	0	2025-06-11 22:11:41.405	t
6	2025-06-20 17:22:24.457	tusher@gmail.com	https://picsum.photos/seed/example/300/200	\N	\N	Tusher Bhomik	$2a$10$OaI8sFtqi9kXMQ3VZ5xah.en.BPFJpCoEDUmeblMp1F6l6ubsCR2y	0	2025-06-20 17:22:24.457	t
7	2025-06-20 17:24:24.792	soumik@gmail.com	https://picsum.photos/seed/example/300/200	\N	\N	Soumik Bhattacharjee	$2a$10$bi4JqdpBCNlPCHEG8BF23uwnYCq0KdbaXw.Yx.ZmxMIXCzVPVwnz.	0	2025-06-20 17:24:24.792	t
8	2025-06-22 22:47:57.737	ir@gmail.com	https://picsum.photos/seed/example/300/200	\N	\N	Irtiaz	$2a$10$aVezOVNCBiKsumd2VsTnc.HxPlewtOeP6f2KK3SmZtAIdRHWF/jm.	0	2025-06-22 22:47:57.737	t
9	2025-06-24 11:45:28.209	dante@gmail.com	https://picsum.photos/seed/example/300/200	\N	\N	dante	$2a$10$3xP2m8njWunmYHn8q6ssDuHzyRXDreqovrjEu1pGxKea0rKjj1/du	0	2025-06-24 11:45:28.209	t
10	2025-06-24 11:46:39.052	ggdeals@gmail.com	https://picsum.photos/seed/example/300/200	\N	\N	Tusher Bhomik	$2a$10$psYWQA.2OljWqJVJdZb6YeiXqkuy70sL2YXYxlYbx62HTRNTt.Ub6	0	2025-06-24 11:46:39.052	t
11	2025-07-01 10:52:31.03	vergil@gmail.com	https://picsum.photos/seed/example/300/200	\N	\N	Vergil	$2a$10$TmBoISmfniLoInzCxe3xoul/qxRBgVt9G.GhzbE93n9weUPFqA8ey	0	2025-07-01 10:52:31.03	t
\.


--
-- Data for Name: waiting_for; Type: TABLE DATA; Schema: public; Owner: neondb_owner
--

COPY public.waiting_for (bus_id, user_id, valid) FROM stdin;
\.


--
-- Name: _user_seq; Type: SEQUENCE SET; Schema: public; Owner: neondb_owner
--

SELECT pg_catalog.setval('public._user_seq', 1, false);


--
-- Name: arebbus_user_seq; Type: SEQUENCE SET; Schema: public; Owner: neondb_owner
--

SELECT pg_catalog.setval('public.arebbus_user_seq', 1, true);


--
-- Name: bus_id_seq; Type: SEQUENCE SET; Schema: public; Owner: neondb_owner
--

SELECT pg_catalog.setval('public.bus_id_seq', 9, true);


--
-- Name: bus_seq; Type: SEQUENCE SET; Schema: public; Owner: neondb_owner
--

SELECT pg_catalog.setval('public.bus_seq', 1, false);


--
-- Name: comment_id_seq; Type: SEQUENCE SET; Schema: public; Owner: neondb_owner
--

SELECT pg_catalog.setval('public.comment_id_seq', 35, true);


--
-- Name: post_id_seq; Type: SEQUENCE SET; Schema: public; Owner: neondb_owner
--

SELECT pg_catalog.setval('public.post_id_seq', 18, true);


--
-- Name: post_seq; Type: SEQUENCE SET; Schema: public; Owner: neondb_owner
--

SELECT pg_catalog.setval('public.post_seq', 1, false);


--
-- Name: route_id_seq; Type: SEQUENCE SET; Schema: public; Owner: neondb_owner
--

SELECT pg_catalog.setval('public.route_id_seq', 7, true);


--
-- Name: route_seq; Type: SEQUENCE SET; Schema: public; Owner: neondb_owner
--

SELECT pg_catalog.setval('public.route_seq', 1, false);


--
-- Name: stop_id_seq; Type: SEQUENCE SET; Schema: public; Owner: neondb_owner
--

SELECT pg_catalog.setval('public.stop_id_seq', 17, true);


--
-- Name: stop_seq; Type: SEQUENCE SET; Schema: public; Owner: neondb_owner
--

SELECT pg_catalog.setval('public.stop_seq', 1, false);


--
-- Name: tag_id_seq; Type: SEQUENCE SET; Schema: public; Owner: neondb_owner
--

SELECT pg_catalog.setval('public.tag_id_seq', 19, true);


--
-- Name: tag_seq; Type: SEQUENCE SET; Schema: public; Owner: neondb_owner
--

SELECT pg_catalog.setval('public.tag_seq', 1, false);


--
-- Name: users_id_seq; Type: SEQUENCE SET; Schema: public; Owner: neondb_owner
--

SELECT pg_catalog.setval('public.users_id_seq', 11, true);


--
-- Name: bus bus_pkey; Type: CONSTRAINT; Schema: public; Owner: neondb_owner
--

ALTER TABLE ONLY public.bus
    ADD CONSTRAINT bus_pkey PRIMARY KEY (id);


--
-- Name: bus_upvotes bus_upvotes_pkey; Type: CONSTRAINT; Schema: public; Owner: neondb_owner
--

ALTER TABLE ONLY public.bus_upvotes
    ADD CONSTRAINT bus_upvotes_pkey PRIMARY KEY (bus_id, user_id);


--
-- Name: comment comment_pkey; Type: CONSTRAINT; Schema: public; Owner: neondb_owner
--

ALTER TABLE ONLY public.comment
    ADD CONSTRAINT comment_pkey PRIMARY KEY (id);


--
-- Name: comment_upvotes comment_upvotes_pkey; Type: CONSTRAINT; Schema: public; Owner: neondb_owner
--

ALTER TABLE ONLY public.comment_upvotes
    ADD CONSTRAINT comment_upvotes_pkey PRIMARY KEY (comment_id, user_id);


--
-- Name: install install_pkey; Type: CONSTRAINT; Schema: public; Owner: neondb_owner
--

ALTER TABLE ONLY public.install
    ADD CONSTRAINT install_pkey PRIMARY KEY (bus_id, user_id);


--
-- Name: location location_pkey; Type: CONSTRAINT; Schema: public; Owner: neondb_owner
--

ALTER TABLE ONLY public.location
    ADD CONSTRAINT location_pkey PRIMARY KEY (bus_id, user_id);


--
-- Name: post post_pkey; Type: CONSTRAINT; Schema: public; Owner: neondb_owner
--

ALTER TABLE ONLY public.post
    ADD CONSTRAINT post_pkey PRIMARY KEY (id);


--
-- Name: post_tag post_tag_pkey; Type: CONSTRAINT; Schema: public; Owner: neondb_owner
--

ALTER TABLE ONLY public.post_tag
    ADD CONSTRAINT post_tag_pkey PRIMARY KEY (post_id, tag_id);


--
-- Name: route route_pkey; Type: CONSTRAINT; Schema: public; Owner: neondb_owner
--

ALTER TABLE ONLY public.route
    ADD CONSTRAINT route_pkey PRIMARY KEY (id);


--
-- Name: route_stop route_stop_pkey; Type: CONSTRAINT; Schema: public; Owner: neondb_owner
--

ALTER TABLE ONLY public.route_stop
    ADD CONSTRAINT route_stop_pkey PRIMARY KEY (route_id, stop_id);


--
-- Name: route_stops route_stops_pkey; Type: CONSTRAINT; Schema: public; Owner: neondb_owner
--

ALTER TABLE ONLY public.route_stops
    ADD CONSTRAINT route_stops_pkey PRIMARY KEY (route_id, stop_id);


--
-- Name: route_subscription route_subscription_pkey; Type: CONSTRAINT; Schema: public; Owner: neondb_owner
--

ALTER TABLE ONLY public.route_subscription
    ADD CONSTRAINT route_subscription_pkey PRIMARY KEY (route_id, user_id);


--
-- Name: stop stop_pkey; Type: CONSTRAINT; Schema: public; Owner: neondb_owner
--

ALTER TABLE ONLY public.stop
    ADD CONSTRAINT stop_pkey PRIMARY KEY (id);


--
-- Name: stop_subscription stop_subscription_pkey; Type: CONSTRAINT; Schema: public; Owner: neondb_owner
--

ALTER TABLE ONLY public.stop_subscription
    ADD CONSTRAINT stop_subscription_pkey PRIMARY KEY (stop_id, user_id);


--
-- Name: tag tag_pkey; Type: CONSTRAINT; Schema: public; Owner: neondb_owner
--

ALTER TABLE ONLY public.tag
    ADD CONSTRAINT tag_pkey PRIMARY KEY (id);


--
-- Name: users uk6dotkott2kjsp8vw4d0m25fb7; Type: CONSTRAINT; Schema: public; Owner: neondb_owner
--

ALTER TABLE ONLY public.users
    ADD CONSTRAINT uk6dotkott2kjsp8vw4d0m25fb7 UNIQUE (email);


--
-- Name: upvotes upvotes_pkey; Type: CONSTRAINT; Schema: public; Owner: neondb_owner
--

ALTER TABLE ONLY public.upvotes
    ADD CONSTRAINT upvotes_pkey PRIMARY KEY (post_id, user_id);


--
-- Name: users users_pkey; Type: CONSTRAINT; Schema: public; Owner: neondb_owner
--

ALTER TABLE ONLY public.users
    ADD CONSTRAINT users_pkey PRIMARY KEY (id);


--
-- Name: waiting_for waiting_for_pkey; Type: CONSTRAINT; Schema: public; Owner: neondb_owner
--

ALTER TABLE ONLY public.waiting_for
    ADD CONSTRAINT waiting_for_pkey PRIMARY KEY (bus_id, user_id);


--
-- Name: post fk1mpebp1ayl0twrwm7ruiof778; Type: FK CONSTRAINT; Schema: public; Owner: neondb_owner
--

ALTER TABLE ONLY public.post
    ADD CONSTRAINT fk1mpebp1ayl0twrwm7ruiof778 FOREIGN KEY (author_id) REFERENCES public.users(id);


--
-- Name: upvotes fk2p875r1pvgtuaf72mp9g4c31c; Type: FK CONSTRAINT; Schema: public; Owner: neondb_owner
--

ALTER TABLE ONLY public.upvotes
    ADD CONSTRAINT fk2p875r1pvgtuaf72mp9g4c31c FOREIGN KEY (user_id) REFERENCES public.users(id);


--
-- Name: waiting_for fk4qd9xrhqhjxwslrxbfqfefqab; Type: FK CONSTRAINT; Schema: public; Owner: neondb_owner
--

ALTER TABLE ONLY public.waiting_for
    ADD CONSTRAINT fk4qd9xrhqhjxwslrxbfqfefqab FOREIGN KEY (user_id) REFERENCES public.users(id);


--
-- Name: location fk55by463ivfy1u1qfylnjswyje; Type: FK CONSTRAINT; Schema: public; Owner: neondb_owner
--

ALTER TABLE ONLY public.location
    ADD CONSTRAINT fk55by463ivfy1u1qfylnjswyje FOREIGN KEY (user_id) REFERENCES public.users(id);


--
-- Name: bus fk5kq9wmru34yffcw1sst1xlxds; Type: FK CONSTRAINT; Schema: public; Owner: neondb_owner
--

ALTER TABLE ONLY public.bus
    ADD CONSTRAINT fk5kq9wmru34yffcw1sst1xlxds FOREIGN KEY (author_id) REFERENCES public.users(id);


--
-- Name: install fk61gmy6527nlsif27chuqtkd91; Type: FK CONSTRAINT; Schema: public; Owner: neondb_owner
--

ALTER TABLE ONLY public.install
    ADD CONSTRAINT fk61gmy6527nlsif27chuqtkd91 FOREIGN KEY (user_id) REFERENCES public.users(id);


--
-- Name: comment_upvotes fk8ex2n4g32ii0wamuocr2nvgum; Type: FK CONSTRAINT; Schema: public; Owner: neondb_owner
--

ALTER TABLE ONLY public.comment_upvotes
    ADD CONSTRAINT fk8ex2n4g32ii0wamuocr2nvgum FOREIGN KEY (comment_id) REFERENCES public.comment(id);


--
-- Name: bus fk8njqr6r4pfha7loy5rwir2xkq; Type: FK CONSTRAINT; Schema: public; Owner: neondb_owner
--

ALTER TABLE ONLY public.bus
    ADD CONSTRAINT fk8njqr6r4pfha7loy5rwir2xkq FOREIGN KEY (based_on) REFERENCES public.bus(id);


--
-- Name: stop_subscription fk9d8cfrbwxbynwyk9m27slx16q; Type: FK CONSTRAINT; Schema: public; Owner: neondb_owner
--

ALTER TABLE ONLY public.stop_subscription
    ADD CONSTRAINT fk9d8cfrbwxbynwyk9m27slx16q FOREIGN KEY (stop_id) REFERENCES public.stop(id);


--
-- Name: post_tag fkac1wdchd2pnur3fl225obmlg0; Type: FK CONSTRAINT; Schema: public; Owner: neondb_owner
--

ALTER TABLE ONLY public.post_tag
    ADD CONSTRAINT fkac1wdchd2pnur3fl225obmlg0 FOREIGN KEY (tag_id) REFERENCES public.tag(id);


--
-- Name: post_tag fkc2auetuvsec0k566l0eyvr9cs; Type: FK CONSTRAINT; Schema: public; Owner: neondb_owner
--

ALTER TABLE ONLY public.post_tag
    ADD CONSTRAINT fkc2auetuvsec0k566l0eyvr9cs FOREIGN KEY (post_id) REFERENCES public.post(id);


--
-- Name: stop fkc5ujjr3urx8b0dfm1pl6ejp7y; Type: FK CONSTRAINT; Schema: public; Owner: neondb_owner
--

ALTER TABLE ONLY public.stop
    ADD CONSTRAINT fkc5ujjr3urx8b0dfm1pl6ejp7y FOREIGN KEY (author_id) REFERENCES public.users(id);


--
-- Name: route fkcstw02tmf4wm808dyrb4xmwy6; Type: FK CONSTRAINT; Schema: public; Owner: neondb_owner
--

ALTER TABLE ONLY public.route
    ADD CONSTRAINT fkcstw02tmf4wm808dyrb4xmwy6 FOREIGN KEY (author_id) REFERENCES public.users(id);


--
-- Name: route_subscription fkerv3v6npaemfn1lbm98w5stx8; Type: FK CONSTRAINT; Schema: public; Owner: neondb_owner
--

ALTER TABLE ONLY public.route_subscription
    ADD CONSTRAINT fkerv3v6npaemfn1lbm98w5stx8 FOREIGN KEY (route_id) REFERENCES public.route(id);


--
-- Name: location fkg69gi3ppfewy568qfaxg5vn42; Type: FK CONSTRAINT; Schema: public; Owner: neondb_owner
--

ALTER TABLE ONLY public.location
    ADD CONSTRAINT fkg69gi3ppfewy568qfaxg5vn42 FOREIGN KEY (bus_id) REFERENCES public.bus(id);


--
-- Name: stop_subscription fkhdyfhy3wgh1gc6io09rbx37lh; Type: FK CONSTRAINT; Schema: public; Owner: neondb_owner
--

ALTER TABLE ONLY public.stop_subscription
    ADD CONSTRAINT fkhdyfhy3wgh1gc6io09rbx37lh FOREIGN KEY (user_id) REFERENCES public.users(id);


--
-- Name: comment fkir20vhrx08eh4itgpbfxip0s1; Type: FK CONSTRAINT; Schema: public; Owner: neondb_owner
--

ALTER TABLE ONLY public.comment
    ADD CONSTRAINT fkir20vhrx08eh4itgpbfxip0s1 FOREIGN KEY (author_id) REFERENCES public.users(id);


--
-- Name: install fkj1layf01ym7r3cryjqf90hr6w; Type: FK CONSTRAINT; Schema: public; Owner: neondb_owner
--

ALTER TABLE ONLY public.install
    ADD CONSTRAINT fkj1layf01ym7r3cryjqf90hr6w FOREIGN KEY (bus_id) REFERENCES public.bus(id);


--
-- Name: bus_upvotes fkj7a54q1tbt3qx1o2ylhg3enye; Type: FK CONSTRAINT; Schema: public; Owner: neondb_owner
--

ALTER TABLE ONLY public.bus_upvotes
    ADD CONSTRAINT fkj7a54q1tbt3qx1o2ylhg3enye FOREIGN KEY (bus_id) REFERENCES public.bus(id);


--
-- Name: waiting_for fkk0bh73kk3ah53je814oak4b0u; Type: FK CONSTRAINT; Schema: public; Owner: neondb_owner
--

ALTER TABLE ONLY public.waiting_for
    ADD CONSTRAINT fkk0bh73kk3ah53je814oak4b0u FOREIGN KEY (bus_id) REFERENCES public.bus(id);


--
-- Name: upvotes fkmpo9aiako58pqlrgp95nlsuwk; Type: FK CONSTRAINT; Schema: public; Owner: neondb_owner
--

ALTER TABLE ONLY public.upvotes
    ADD CONSTRAINT fkmpo9aiako58pqlrgp95nlsuwk FOREIGN KEY (post_id) REFERENCES public.post(id);


--
-- Name: bus fkmrkjerbucw6j8sy8xewrig9wj; Type: FK CONSTRAINT; Schema: public; Owner: neondb_owner
--

ALTER TABLE ONLY public.bus
    ADD CONSTRAINT fkmrkjerbucw6j8sy8xewrig9wj FOREIGN KEY (route_id) REFERENCES public.route(id);


--
-- Name: route_stop fkmu1b9fkhu2d4982t14wc4wjg9; Type: FK CONSTRAINT; Schema: public; Owner: neondb_owner
--

ALTER TABLE ONLY public.route_stop
    ADD CONSTRAINT fkmu1b9fkhu2d4982t14wc4wjg9 FOREIGN KEY (stop_id) REFERENCES public.stop(id);


--
-- Name: route_subscription fko3h4ls8ijn4tf2pb0apddp6fw; Type: FK CONSTRAINT; Schema: public; Owner: neondb_owner
--

ALTER TABLE ONLY public.route_subscription
    ADD CONSTRAINT fko3h4ls8ijn4tf2pb0apddp6fw FOREIGN KEY (user_id) REFERENCES public.users(id);


--
-- Name: comment_upvotes fkoa9t2f35irvamrava0f2u8c1a; Type: FK CONSTRAINT; Schema: public; Owner: neondb_owner
--

ALTER TABLE ONLY public.comment_upvotes
    ADD CONSTRAINT fkoa9t2f35irvamrava0f2u8c1a FOREIGN KEY (user_id) REFERENCES public.users(id);


--
-- Name: route_stop fkrah0j8khs716aqhsqt3x5yxbw; Type: FK CONSTRAINT; Schema: public; Owner: neondb_owner
--

ALTER TABLE ONLY public.route_stop
    ADD CONSTRAINT fkrah0j8khs716aqhsqt3x5yxbw FOREIGN KEY (route_id) REFERENCES public.route(id);


--
-- Name: comment fks1slvnkuemjsq2kj4h3vhx7i1; Type: FK CONSTRAINT; Schema: public; Owner: neondb_owner
--

ALTER TABLE ONLY public.comment
    ADD CONSTRAINT fks1slvnkuemjsq2kj4h3vhx7i1 FOREIGN KEY (post_id) REFERENCES public.post(id);


--
-- Name: bus_upvotes fksftignigwr6rrhkw3if6i3ubx; Type: FK CONSTRAINT; Schema: public; Owner: neondb_owner
--

ALTER TABLE ONLY public.bus_upvotes
    ADD CONSTRAINT fksftignigwr6rrhkw3if6i3ubx FOREIGN KEY (user_id) REFERENCES public.users(id);


--
-- Name: DEFAULT PRIVILEGES FOR SEQUENCES; Type: DEFAULT ACL; Schema: public; Owner: cloud_admin
--

ALTER DEFAULT PRIVILEGES FOR ROLE cloud_admin IN SCHEMA public GRANT ALL ON SEQUENCES TO neon_superuser WITH GRANT OPTION;


--
-- Name: DEFAULT PRIVILEGES FOR TABLES; Type: DEFAULT ACL; Schema: public; Owner: cloud_admin
--

ALTER DEFAULT PRIVILEGES FOR ROLE cloud_admin IN SCHEMA public GRANT ALL ON TABLES TO neon_superuser WITH GRANT OPTION;


--
-- PostgreSQL database dump complete
--

